<?xml version="1.0"?>
<doc>
    <assembly>
        <name>UnityUIKit</name>
    </assembly>
    <members>
        <member name="T:UnityUIKit.Components.BoxGrid">
            <summary>
            当子节点数据特别多的时候使用这种方法会很消耗资源，这种情况下需要考虑循环列表的使用。当结构功能复杂的布局也不能使用这种布局。
            </summary>
        </member>
        <member name="F:UnityUIKit.Components.BoxGrid.ComponentAttributes.StartCorner">
            <summary>
            第一个元素所在的角
            </summary>
        </member>
        <member name="F:UnityUIKit.Components.BoxGrid.ComponentAttributes.ChildrenAlignment">
            <summary>
            如果布局元素未填满所有可用空间，则用于这些元素的对齐方式。
            </summary>
        </member>
        <member name="F:UnityUIKit.Components.BoxGrid.ComponentAttributes.Padding">
            <summary>
            布局组边缘内的填充
            </summary>
        </member>
        <member name="F:UnityUIKit.Components.BoxGrid.ComponentAttributes.Spacing">
            <summary>
            布局元素之间的间距
            </summary>
        </member>
        <member name="F:UnityUIKit.Components.BoxGrid.ComponentAttributes.CellSize">
            <summary>
            组中每个布局元素要使用的大小
            </summary>
        </member>
        <member name="F:UnityUIKit.Components.BoxGrid.ComponentAttributes.StartAxis">
            <summary>
            沿着哪个主轴放置元素。
            在开始新行之前，Horizontal 将填满整个行。
            在开始新列之前，Vertical 将填充整个列。
            </summary>
        </member>
        <member name="F:UnityUIKit.Components.BoxGrid.ComponentAttributes.Constraint">
            <summary>
            将网格限制为固定数量的行或列，以辅助自动布局系统。
            
            Flexible - 不约束
            Fixed Column Count - 固定列数
            Fixed Row Count - 	固定行数
            </summary>
        </member>
        <member name="F:UnityUIKit.Components.BoxGrid.ComponentAttributes.ConstraintCount">
            <summary>
            约束数量
            </summary>
        </member>
        <member name="M:UnityUIKit.Core.UIKitHelper.HexToColor(System.String)">
            <summary>
            hex转换到color
            </summary>
            <param name="hex"></param>
            <returns></returns>
        </member>
        <member name="P:UnityUIKit.GameObjects.BaseTogleButton.FontColor">
            <summary>
            字体颜色
            </summary>
        </member>
        <member name="P:UnityUIKit.GameObjects.BaseTogleButton.Text">
            <summary>
            内容
            </summary>
        </member>
        <member name="F:UnityUIKit.GameObjects.BaseTogleButton.m_interactable">
            <summary>
            私有的
            </summary>
        </member>
        <member name="P:UnityUIKit.GameObjects.BaseTogleButton.Interactable">
            <summary>
            可交互的
            </summary>
        </member>
        <member name="M:UnityUIKit.GameObjects.BaseTogleButton.Create(System.Boolean)">
            <summary>
            创建对像
            </summary>
            <param name="active"></param>
        </member>
        <member name="T:UnityUIKit.GameObjects.Toggle">
            <summary>
            开关
            </summary>
        </member>
        <member name="F:UnityUIKit.GameObjects.Toggle.PreferredSize">
            <summary>
            预设大小
            </summary>
        </member>
    </members>
</doc>
