<?xml version="1.0"?>
<doc>
    <assembly>
        <name>YanLib</name>
    </assembly>
    <members>
        <member name="M:YanLib.Core.HarmonyPatches.DateFile_GetNewSocialId_Prefix(System.Int32@)">
            <summary>
            删除关系时候的逆向优化（
            </summary>
            <param name="__result"></param>
            <returns></returns>
        </member>
        <member name="M:YanLib.Core.HarmonyPatches.DateFile_GetNewActorId_Prefix(System.Int32@)">
            <summary>
            删除人物时候的逆向优化（
            </summary>
            <param name="__result"></param>
            <returns></returns>
        </member>
        <member name="M:YanLib.Core.HarmonyPatches.DateFile_LifeRecordParamToText_Prefix(System.String@,System.Int32,System.Int32,System.Int32,System.Int32,System.Int32)">
            <summary>
            修正穿越者们的经历
            </summary>
            <param name="__result"></param>
            <param name="charId"></param>
            <param name="type"></param>
            <param name="value"></param>
            <param name="partId"></param>
            <param name="placeId"></param>
            <returns></returns>
        </member>
        <member name="M:YanLib.Core.HarmonyPatches.OnChoose_Update">
            <summary>
            选项的快捷键
            </summary>
            <returns></returns>
        </member>
        <member name="T:YanLib.Core.RuntimeConfig">
            <summary>
            运行时候的配置
            </summary>
        </member>
        <member name="F:YanLib.Core.RuntimeConfig.EmptySocialId">
            <summary>
            没有占用的社交 ID
            </summary>
        </member>
        <member name="F:YanLib.Core.RuntimeConfig.EmptyActorId">
            <summary>
            没有占用的人物 ID
            </summary>
        </member>
        <member name="F:YanLib.Core.RuntimeConfig.ChoiceCount">
            <summary>
            选择次数，用来限制每个时节的次数的
            </summary>
        </member>
        <member name="M:YanLib.Core.RuntimeConfig.AllocateActorDataKey(System.String,System.Int32)">
            <summary>
            分配 Key 返回分配到的 Key。
            </summary>
            <param name="GUID">GUID</param>
            <param name="Key">Mod 内部的 Key</param>
            <returns></returns>
        </member>
        <member name="M:YanLib.Core.RuntimeConfig.LoadData">
            <summary>
            加载当前存档中的配置
            </summary>
        </member>
        <member name="M:YanLib.Core.RuntimeConfig.NewData">
            <summary>
            新建存档时创建基础配置
            </summary>
        </member>
        <member name="M:YanLib.Core.RuntimeConfig.SaveData">
            <summary>
            存档保存时的行为
            </summary>
        </member>
        <member name="M:YanLib.Core.RuntimeConfig.DelActorData(System.Int32)">
            <summary>
            这个是清除掉 RuntimeConfig 中有设定的数据，并且将 ID Push 进空人物 ID 列表
            </summary>
        </member>
        <member name="T:YanLib.Settings">
            <summary>
            Mod设置类
            </summary>
        </member>
        <member name="F:YanLib.Settings.Hotkey">
            <summary>
            快捷键设置
            </summary>
        </member>
        <member name="T:YanLib.Settings.HotkeyConfig">
            <summary>
            快捷键设置类
            </summary>
        </member>
        <member name="M:YanLib.Settings.HotkeyConfig.Init(BepInEx.Configuration.ConfigFile)">
            <summary>
            初始化
            </summary>
            <param name="Config"></param>
        </member>
        <member name="F:YanLib.Settings.HotkeyConfig.OpenUI">
            <summary>
            打开/关闭 UI 的快捷键
            </summary>
        </member>
        <member name="M:YanLib.Settings.Init(BepInEx.Configuration.ConfigFile)">
            <summary>
            加载配置
            </summary>
            <param name="config"></param>
        </member>
        <member name="T:YanLib.DataManipulator.Actor">
            <summary>
            对于角色的数据操作
            </summary>
        </member>
        <member name="M:YanLib.DataManipulator.Actor.DelActor(System.Int32)">
            <summary>
            删除角色，彻底的删除
            </summary>
            <param name="ActorID">被删的可怜人的 ID</param>
        </member>
        <member name="M:YanLib.DataManipulator.Actor.GetSpecifiedLifeData(System.Int32,System.Int32)">
            <summary>
            获取 Actor 的关系
            返回值：Key 为 关系的 ID，Value 为关系中的 ActorID
            </summary>
            <param name="ActorId">角色的 ID</param>
            <param name="SocialTyp">关系的类型</param>
            <returns></returns>
        </member>
        <member name="M:YanLib.DataManipulator.Actor.DelSocial(System.Int32,System.Int32,System.Int32,System.Int32)">
            <summary>
            删除关系
            </summary>
            <param name="SocialId">关系 ID</param>
            <param name="ActorAId">发起者（即储存在谁那）</param>
            <param name="SocialTyp">关系类型（饼：后期可能会去改成枚举）</param>
            <param name="ActorBId">被移除掉的对象（默认为 ActorA ）</param>
        </member>
        <member name="M:YanLib.DataManipulator.Actor.DelLifeRecord(System.Int32,GameData.LifeRecords.LifeRecord)">
            <summary>
            删除角色生平经历
            </summary>
            <param name="ActorID">被删的角色 ID</param>
            <param name="Record">对应的记录</param>
        </member>
        <member name="M:YanLib.DataManipulator.Actor.DelLifeRecord(System.Int32,GameData.LifeRecords.LifeRecord[])">
            <summary>
            删除角色生平经历
            </summary>
            <param name="ActorID">被删的角色 ID</param>
            <param name="Records">被删掉的记录数组</param>
        </member>
        <member name="M:YanLib.DataManipulator.Actor.DelLifeRecord(System.Int32,System.Int32)">
            <summary>
            删除角色生平经历
            </summary>
            <param name="ActorID">被删的角色 ID</param>
            <param name="RecordType">被删掉的记录类型</param>
        </member>
        <member name="M:YanLib.DataManipulator.Actor.DelLifeRecord(System.Int32,System.Int32,System.Int32,System.Int32)">
            <summary>
            删除角色生平经历，只要对应内容匹配就会删掉
            </summary>
            <param name="ActorID">被删的角色 ID</param>
            <param name="RecordType">-1 = 任意，被删掉的记录类型</param>
            <param name="ParamType">-1 = 任意，参数类型</param>
            <param name="ParamValue">必填，参数内容</param>
        </member>
        <member name="M:YanLib.DataManipulator.Actor.DelLifeRecord(System.Collections.Generic.List{GameData.LifeRecords.LifeRecord},System.Int32,System.Int32,System.Int32)">
            <summary>
            删除提供的记录中符合条件的记录
            </summary>
            <param name="LifeRecords"></param>
            <param name="RecordType">-1 = 任意，被删掉的记录类型</param>
            <param name="ParamType">-1 = 任意，参数类型</param>
            <param name="ParamValue">必填，参数内容</param>
            <returns></returns>
        </member>
        <member name="M:YanLib.DataManipulator.Actor.GetLifeRecords(System.Int32,System.Collections.Generic.List{System.Int32},System.Collections.Generic.List{System.Int32},System.Collections.Generic.List{System.Int32})">
            <summary>
            获取角色生平经历
            </summary>
            <param name="ActorID">角色 ID</param>
            <param name="RecordTypes">null 为任意，获取的记录类型</param>
            <param name="ParamTypes">null 为任意，参数类型</param>
            <param name="ParamValues">null 为任意，参数内容</param>
        </member>
        <member name="M:YanLib.DataManipulator.Actor.DumpActorData(System.Int32,System.Boolean,System.Boolean,System.String)">
            <summary>
            导出人物数据
            </summary>
            <param name="ActorID">导出的角色</param>
            <param name="DumpLifeRecord">是否导出记录</param>
            <param name="FixedActorName">是否导出生平中角色 ID 对应的名字</param>
            <param name="FileName">导出的名字</param>
            <returns></returns>
        </member>
        <member name="T:YanLib.DataManipulator.Actor.ActorAllData">
            <summary>
            用以储存 Actor 的所有数据
            </summary>
        </member>
        <member name="F:YanLib.DataManipulator.Actor.ActorAllData.LifeRecords">
            <summary>
            生平经历
            </summary>
        </member>
        <member name="F:YanLib.DataManipulator.Actor.ActorAllData.LifeRecordFix">
            <summary>
            生平修正，储存着 ID 与对应的名字
            </summary>
        </member>
        <member name="F:YanLib.DataManipulator.Actor.ActorAllData.InjuryData">
            <summary>
            受伤数据
            </summary>
        </member>
        <member name="F:YanLib.DataManipulator.Actor.ActorAllData.StadyData">
            <summary>
            
            </summary>
        </member>
        <member name="F:YanLib.DataManipulator.Actor.ActorAllData.ItemsData">
            <summary>
            持有物品
            </summary>
        </member>
        <member name="F:YanLib.DataManipulator.Actor.ActorAllData.EquipGongFas">
            <summary>
            
            </summary>
        </member>
        <member name="F:YanLib.DataManipulator.Actor.ActorAllData.GongFas">
            <summary>
            
            </summary>
        </member>
        <member name="F:YanLib.DataManipulator.Actor.ActorAllData.ActorData">
            <summary>
            独属于一个人的数据
            </summary>
        </member>
        <member name="M:YanLib.DataManipulator.Actor.LoadActorData(System.String)">
            <summary>
            加载角色数据到存档中
            </summary>
            <param name="DataJson"></param>
        </member>
        <member name="M:YanLib.DataManipulator.Actor.DelTraverserLifeRecordFix(System.Int32)">
            <summary>
            删除经历适配用的
            </summary>
            <param name="ActorID"></param>
        </member>
        <member name="T:YanLib.DataManipulator.EventHelper">
            <summary>
            事件操作者
            </summary>
        </member>
        <member name="M:YanLib.DataManipulator.EventHelper.LoadEventDataFromFile(System.String)">
            <summary>
            从文件中加载数据
            </summary>
            <param name="Path">文件目录</param>
        </member>
        <member name="M:YanLib.DataManipulator.EventHelper.LoadEventData(System.String)">
            <summary>
            加载事件数据
            </summary>
            <param name="data"></param>
        </member>
        <member name="M:YanLib.DataManipulator.EventHelper.AddEvent(YanLib.EventSystem.Event)">
            <summary>
            添加事件到系统中
            </summary>
            <param name="event">事件</param>
        </member>
        <member name="M:YanLib.DataManipulator.EventHelper.LoadAdditionalChoicesDataFromFile(System.String)">
            <summary>
            从文件中加载数据
            </summary>
            <param name="Path">文件目录</param>
        </member>
        <member name="M:YanLib.DataManipulator.EventHelper.LoadAdditionalChoicesData(System.String)">
            <summary>
            加载事件数据
            </summary>
            <param name="data"></param>
        </member>
        <member name="M:YanLib.DataManipulator.EventHelper.AddChoices(YanLib.EventSystem.AdditionalChoices)">
            <summary>
            给其追加按钮
            </summary>
            <param name="choices"></param>
        </member>
        <member name="M:YanLib.DataManipulator.EventHelper.GetEvent(System.String,System.Int32)">
            <summary>
            获取事件数据事件
            </summary>
            <param name="Namespace">事件所处的命名空间</param>
            <param name="Key">事件的 Key</param>
            <returns>事件数据</returns>
        </member>
        <member name="M:YanLib.DataManipulator.EventHelper.GetEvent(System.String)">
            <summary>
            获取事件数据事件
            </summary>
            <param name="EventID">事件 ID</param>
            <returns>事件数据</returns>
        </member>
        <member name="M:YanLib.DataManipulator.EventHelper.CallEvent(System.String,System.Int32,System.Int32)">
            <summary>
            唤起事件
            </summary>
            <param name="Namespace">事件所处的命名空间</param>
            <param name="Key">事件的 Key</param>
            <param name="TargetActorID">对面的角色 ID</param>
        </member>
        <member name="M:YanLib.DataManipulator.EventHelper.CallEvent(System.String,System.Int32)">
            <summary>
            唤起事件
            </summary>
            <param name="EventID">事件 ID</param>
            <param name="TargetActorID">对面的角色 ID</param>
        </member>
        <member name="M:YanLib.DataManipulator.EventHelper.GetEvent(System.Int32)">
            <summary>
            获取原版事件的数据
            </summary>
            <param name="GameEventID">原版事件ID</param>
            <returns>事件数据</returns>
        </member>
        <member name="M:YanLib.DataManipulator.EventHelper.CallEvent(System.Int32,System.Int32,System.Int32)">
            <summary>
            原版事件，原版事件转原版事件只会改 MainEventData 中的 ID
            </summary>
            <param name="ID"></param>
            <param name="TargetActorID"></param>
            <param name="chooseId">只有转场的时候才用得到</param>
        </member>
        <member name="M:YanLib.DataManipulator.EventHelper.AnalyzeDesc(System.String,System.Int32,System.String)">
            <summary>
            解析文本中的描述
            </summary>
            <param name="ID">事件 ID</param>
            <param name="TargetActorID">对方的 ID</param>
            <param name="Desc">事件文本</param>
            <returns></returns>
        </member>
        <member name="M:YanLib.DataManipulator.EventHelper.AnalyzeTip(System.String,YanLib.EventSystem.EventChoice,System.Int32,System.String)">
            <summary>
            解析 Tip
            </summary>
            <param name="ID">事件 ID</param>
            <param name="Choice">选项</param>
            <param name="TargetActorID">对方的 ID</param>
            <param name="Tip"></param>
            <returns></returns>
        </member>
        <member name="T:YanLib.YanLib">
            <summary>
            Mod 入口
            </summary>
        </member>
        <member name="F:YanLib.YanLib.Version">
            <summary>版本</summary>
        </member>
        <member name="F:YanLib.YanLib.GUID">
            <summary>GUID</summary>
        </member>
        <member name="F:YanLib.YanLib.Logger">
            <summary>日志</summary>
        </member>
        <member name="F:YanLib.YanLib.Settings">
            <summary>Yan Lib 的设置</summary>
        </member>
        <member name="F:YanLib.YanLib.DebugMode">
            <summary>
            Debug 模式
            </summary>
        </member>
        <member name="F:YanLib.YanLib.ToggleUI">
            <summary>
            开/关 UI
            </summary>
        </member>
        <member name="T:YanLib.TypeConverterSupporter">
            <summary>
            转换器支持
            </summary>
        </member>
        <member name="T:YanLib.MGOInfoAttribute">
            <summary>
            用来标记界面的位置的
            </summary>
        </member>
        <member name="F:YanLib.MGOInfoAttribute.Name">
            <summary>
            名字
            </summary>
        </member>
        <member name="F:YanLib.MGOInfoAttribute.Order">
            <summary>
            位置
            </summary>
        </member>
        <member name="F:YanLib.MGOInfoAttribute.InitType">
            <summary>
            界面初始化的类
            </summary>
        </member>
        <member name="F:YanLib.MGOInfoAttribute.InitTypeName">
            <summary>
            初始化的函数名字
            </summary>
        </member>
        <member name="T:YanLib.PatchHandler">
            <summary>
            Patch 用的
            </summary>
        </member>
        <member name="F:YanLib.PatchHandler.TargetType">
            <summary>
            Parch 的目标 Type
            </summary>
        </member>
        <member name="F:YanLib.PatchHandler.TargetMethonName">
            <summary>
            Parch 的目标函数
            </summary>
        </member>
        <member name="F:YanLib.PatchHandler.Prefix">
            <summary>
            前置
            </summary>
        </member>
        <member name="F:YanLib.PatchHandler.Postfix">
            <summary>
            后置
            </summary>
        </member>
        <member name="F:YanLib.PatchHandler.Transpiler">
            <summary>
            IL修改的
            </summary>
        </member>
        <member name="M:YanLib.PatchHandler.Patch(HarmonyLib.Harmony)">
            <summary>
            Patch
            </summary>
            <param name="harmony">Harmony 实例</param>
        </member>
        <member name="M:YanLib.PatchHandler.Unpatch(HarmonyLib.Harmony,YanLib.PatchHandler.HarmonyPatchType)">
            <summary>
            取消 Patch
            </summary>
            <param name="harmony">Harmony 实例</param>
            <param name="patchType">卸载的 Patch 类型</param>
        </member>
        <member name="T:YanLib.PatchHandler.HarmonyPatchType">
            <summary>
            Patch 类型
            </summary>
        </member>
        <member name="F:YanLib.PatchHandler.HarmonyPatchType.All">
            <summary>
            全部
            </summary>
        </member>
        <member name="F:YanLib.PatchHandler.HarmonyPatchType.Prefix">
            <summary>
            前置
            </summary>
        </member>
        <member name="F:YanLib.PatchHandler.HarmonyPatchType.Postfix">
            <summary>
            后置
            </summary>
        </member>
        <member name="F:YanLib.PatchHandler.HarmonyPatchType.Transpiler">
            <summary>
            Transpiler
            </summary>
        </member>
        <member name="T:YanLib.EventSystem.AdditionalChoices">
            <summary>
            追加按钮
            </summary>
        </member>
        <member name="F:YanLib.EventSystem.AdditionalChoices.ID">
            <summary>
            对应 EventID
            </summary>
        </member>
        <member name="F:YanLib.EventSystem.AdditionalChoices.Choices">
            <summary>
            选项
            </summary>
        </member>
        <member name="F:YanLib.EventSystem.AdditionalChoices.Index">
            <summary>
            开始添加的地方
            </summary>
        </member>
        <member name="T:YanLib.EventSystem.CallInfo">
            <summary>
            事件系统用来调用函数的
            </summary>
        </member>
        <member name="T:YanLib.EventSystem.CallInfo.ParamInfo">
            <summary>
            参数信息
            </summary>
        </member>
        <member name="T:YanLib.EventSystem.CallInfo.ParamInfo.ParamType">
            <summary>
            参数的类型
            </summary>
        </member>
        <member name="F:YanLib.EventSystem.CallInfo.ParamInfo.ParamType.Int">
            <summary>
            整型
            </summary>
        </member>
        <member name="F:YanLib.EventSystem.CallInfo.ParamInfo.ParamType.String">
            <summary>
            字符串
            </summary>
        </member>
        <member name="F:YanLib.EventSystem.CallInfo.ParamInfo.ParamType.ActorID">
            <summary>
            对面的角色 ID
            </summary>
        </member>
        <member name="F:YanLib.EventSystem.CallInfo.ParamInfo.ParamType.Location">
            <summary>
            当前位置
            </summary>
        </member>
        <member name="F:YanLib.EventSystem.CallInfo.ParamInfo.ParamType.DescOrTip">
            <summary>
            事件/选项的描述文本
            </summary>
        </member>
        <member name="F:YanLib.EventSystem.CallInfo.ParamInfo.ParamType.ChooseItem">
            <summary>
            （选项用）打开物品选择界面
            值为 0 时候，获取太吾全部物品，否则为对方的
            </summary>
        </member>
        <member name="F:YanLib.EventSystem.CallInfo.ParamInfo.ParamType.ChooseActor">
            <summary>
            （选项用）打开人物选择界面，获取太吾同道（不包括囚犯与孩子）
            </summary>
        </member>
        <member name="F:YanLib.EventSystem.CallInfo.ParamInfo.ParamType.InputText">
            <summary>
            （选项用）输入的内容，string
            </summary>
        </member>
        <member name="F:YanLib.EventSystem.CallInfo.ParamInfo.Type">
            <summary>
            类型
            </summary>
        </member>
        <member name="F:YanLib.EventSystem.CallInfo.ParamInfo.Value">
            <summary>
            值
            </summary>
        </member>
        <member name="F:YanLib.EventSystem.CallInfo.Target">
            <summary>
            目标函数，全名
            </summary>
        </member>
        <member name="F:YanLib.EventSystem.CallInfo.TargetType">
            <summary>
            目标类，可以更准确地定位，需要填写 TargetMethod
            </summary>
        </member>
        <member name="F:YanLib.EventSystem.CallInfo.TargetMethod">
            <summary>
            函数的名字，需要填写 TargetType
            </summary>
        </member>
        <member name="F:YanLib.EventSystem.CallInfo.Params">
            <summary>
            需要传入的参数
            </summary>
        </member>
        <member name="M:YanLib.EventSystem.CallInfo.GetMethod">
            <summary>
            获取函数信息
            </summary>
            <returns></returns>
        </member>
        <member name="M:YanLib.EventSystem.CallInfo.Call(System.String,System.Int32,System.String)">
            <summary>
            调用函数
            </summary>
            <param name="EventID">事件 ID</param>
            <param name="TargetActorID">目标角色</param>
            <param name="DescOrTip">描述文本</param>
            <returns></returns>
        </member>
        <member name="T:YanLib.EventSystem.Location">
            <summary>
            位置
            </summary>
        </member>
        <member name="F:YanLib.EventSystem.Location.MapID">
            <summary>
            大地图的 ID
            </summary>
        </member>
        <member name="F:YanLib.EventSystem.Location.TileID">
            <summary>
            地图中土块的 ID
            </summary>
        </member>
        <member name="P:YanLib.EventSystem.Location.x">
            <summary>
            土块横坐标
            </summary>
        </member>
        <member name="P:YanLib.EventSystem.Location.y">
            <summary>
            土块纵坐标
            </summary>
        </member>
        <member name="M:YanLib.EventSystem.Location.#ctor(System.Int32[])">
            <summary>
            初始化
            </summary>
            <param name="places">位置信息</param>
        </member>
        <member name="T:YanLib.EventSystem.ChoiceEnd">
            <summary>
            选择后效果
            </summary>
        </member>
        <member name="T:YanLib.EventSystem.ChoiceEnd.Effect">
            <summary>
            效果
            </summary>
        </member>
        <member name="T:YanLib.EventSystem.ChoiceEnd.Effect.EffectTarget">
            <summary>
            类型
            </summary>
        </member>
        <member name="F:YanLib.EventSystem.ChoiceEnd.Effect.EffectTarget.Time">
            <summary>
            时间,A值
            </summary>
        </member>
        <member name="F:YanLib.EventSystem.ChoiceEnd.Effect.EffectTarget.Item">
            <summary>
            物品，A值为物品 ID，B值如果是0则角色为太吾，如果不是，则就是目标人物
            </summary>
        </member>
        <member name="F:YanLib.EventSystem.ChoiceEnd.Effect.EffectTarget.MoveToAround">
            <summary>
            移动到周围，ValueA 为 0 时对象为太吾，如果不是则为对方
            无视 Reduce
            </summary>
        </member>
        <member name="F:YanLib.EventSystem.ChoiceEnd.Effect.EffectTarget.Favor">
            <summary>
            对方的好感
            </summary>
        </member>
        <member name="F:YanLib.EventSystem.ChoiceEnd.Effect.EffectTarget.TaiwuResource">
            <summary>
            Taiwu的资源，A值为资源的类型，B值为数量
            </summary>
        </member>
        <member name="F:YanLib.EventSystem.ChoiceEnd.Effect.EffectTarget.TargetResource">
            <summary>
            对方的资源
            </summary>
        </member>
        <member name="F:YanLib.EventSystem.ChoiceEnd.Effect.Reduce">
            <summary>
            True 为减少,False 为增加
            </summary>
        </member>
        <member name="F:YanLib.EventSystem.ChoiceEnd.Effect.ValueA">
            <summary>
            A值
            </summary>
        </member>
        <member name="F:YanLib.EventSystem.ChoiceEnd.Effect.ValueB">
            <summary>
            B值
            </summary>
        </member>
        <member name="F:YanLib.EventSystem.ChoiceEnd.Effect.Type">
            <summary>
            作用类型
            </summary>
        </member>
        <member name="F:YanLib.EventSystem.ChoiceEnd.CallEnd">
            <summary>
            调用的函数
            </summary>
        </member>
        <member name="F:YanLib.EventSystem.ChoiceEnd.Effects">
            <summary>
            效果
            </summary>
        </member>
        <member name="F:YanLib.EventSystem.ChoiceEnd.ToID">
            <summary>
            唤起的事件，0为改变窗口，-1为自定义
            </summary>
        </member>
        <member name="F:YanLib.EventSystem.ChoiceEnd.Filter">
            <summary>
            毫无疑问，是选择物品/人物用的，返回值需求为  IEnumerable&lt;int&gt;
            </summary>
        </member>
        <member name="M:YanLib.EventSystem.ChoiceEnd.End(System.String,System.Int32)">
            <summary>
            结束
            </summary>
            <param name="EventID"></param>
            <param name="TargetActorID"></param>
        </member>
        <member name="M:YanLib.EventSystem.ChoiceEnd.ActorMoveToAround(System.Int32)">
            <summary>
            移动到周围
            </summary>
            <param name="TargetActorID"></param>
        </member>
        <member name="T:YanLib.EventSystem.ChoiceRequirement">
            <summary>
            选项需求
            </summary>
        </member>
        <member name="P:YanLib.EventSystem.ChoiceRequirement.HasCountPerMonth">
            <summary>
            是否有每月次数限制
            </summary>
        </member>
        <member name="F:YanLib.EventSystem.ChoiceRequirement.RequirementCall">
            <summary>
            返回是否符合需求的函数，返回值 IEnumerable&lt;KeyValuePair&lt;bool, string&gt;&gt;
            </summary>
        </member>
        <member name="T:YanLib.EventSystem.ChoiceRequirement.Requirement">
            <summary>
            需求
            </summary>
        </member>
        <member name="T:YanLib.EventSystem.ChoiceRequirement.Requirement.RequirementTarget">
            <summary>
            类型
            </summary>
        </member>
        <member name="F:YanLib.EventSystem.ChoiceRequirement.Requirement.RequirementTarget.Time">
            <summary>
            时间
            </summary>
        </member>
        <member name="F:YanLib.EventSystem.ChoiceRequirement.Requirement.RequirementTarget.Item">
            <summary>
            物品，A值为物品 ID，B值如果是0则角色为太吾，如果不是，则就是目标人物
            </summary>
        </member>
        <member name="F:YanLib.EventSystem.ChoiceRequirement.Requirement.RequirementTarget.Teammate">
            <summary>
            同道，0 为 不是同道，1 为 是同道
            </summary>
        </member>
        <member name="F:YanLib.EventSystem.ChoiceRequirement.Requirement.RequirementTarget.Favor">
            <summary>
            好感度，ValueA 为需求的好感等级 ValueB 为 0 时，大于等于，为 1 时，小于等于
            </summary>
        </member>
        <member name="F:YanLib.EventSystem.ChoiceRequirement.Requirement.RequirementTarget.CountPerMonth">
            <summary>
            每个时节的次数
            </summary>
        </member>
        <member name="F:YanLib.EventSystem.ChoiceRequirement.Requirement.RequirementTarget.TaiwuResource">
            <summary>
            Taiwu的资源，A值为资源的类型，B值为数量
            </summary>
        </member>
        <member name="F:YanLib.EventSystem.ChoiceRequirement.Requirement.RequirementTarget.TargetResource">
            <summary>
            对方的资源
            </summary>
        </member>
        <member name="F:YanLib.EventSystem.ChoiceRequirement.Requirement.RequirementTarget.BasePartValue">
            <summary>
            地区恩义，ValueA为数值，B值为0时，为大于等于，否则为小于等于
            </summary>
        </member>
        <member name="F:YanLib.EventSystem.ChoiceRequirement.Requirement.RequirementTarget.NotOverTeammateMaxValue">
            <summary>
            没有超过同道最大成员数
            </summary>
        </member>
        <member name="F:YanLib.EventSystem.ChoiceRequirement.Requirement.ValueA">
            <summary>
            A值
            </summary>
        </member>
        <member name="F:YanLib.EventSystem.ChoiceRequirement.Requirement.ValueB">
            <summary>
            B值
            </summary>
        </member>
        <member name="F:YanLib.EventSystem.ChoiceRequirement.Requirement.Type">
            <summary>
            需求类型
            </summary>
        </member>
        <member name="F:YanLib.EventSystem.ChoiceRequirement.Requirements">
            <summary>
            需求
            </summary>
        </member>
        <member name="M:YanLib.EventSystem.ChoiceRequirement.Allow(System.String,System.Int32)">
            <summary>
            获取是否符合条件
            </summary>
            <param name="EventID"></param>
            <param name="TargetActorID"></param>
            <returns></returns>
        </member>
        <member name="M:YanLib.EventSystem.ChoiceRequirement.GetRequirement(System.String,System.Int32)">
            <summary>
            获取未满足的需求
            </summary>
            <param name="EventID"></param>
            <param name="TargetActorID"></param>
            <returns></returns>
        </member>
        <member name="T:YanLib.EventSystem.Event">
            <summary>
            事件
            </summary>
        </member>
        <member name="F:YanLib.EventSystem.Event.ID">
            <summary>
            包含命名空间的ID
            </summary>
        </member>
        <member name="F:YanLib.EventSystem.Event.Desc">
            <summary>
            事件显示的文本，没有自动解析
            </summary>
        </member>
        <member name="F:YanLib.EventSystem.Event.DynamicDesc">
            <summary>
            动态修改显示
            </summary>
        </member>
        <member name="F:YanLib.EventSystem.Event.BackgroundID">
            <summary>
            背景 ID
            </summary>
        </member>
        <member name="F:YanLib.EventSystem.Event.Choices">
            <summary>
            事件的选项
            </summary>
        </member>
        <member name="F:YanLib.EventSystem.Event.DynamicChoices">
            <summary>
            动态选项，返回值为 List&lt;EventChoice&gt;
            </summary>
        </member>
        <member name="F:YanLib.EventSystem.Event.InputFieldInfo">
            <summary>
            输入框信息
            </summary>
        </member>
        <member name="F:YanLib.EventSystem.Event.DynamicInputFieldInfo">
            <summary>
            动态的，如果有就不访问 InputFieldInfo
            </summary>
        </member>
        <member name="M:YanLib.EventSystem.Event.ShowUI(System.Int32)">
            <summary>
            显示事件
            </summary>
        </member>
        <member name="M:YanLib.EventSystem.Event.CallEvent(System.Int32)">
            <summary>
            唤起事件
            </summary>
            <param name="TargetActorID">目标人物 ID</param>
        </member>
        <member name="M:YanLib.EventSystem.Event.GetDesc(System.Int32)">
            <summary>
            获取到解析后的事件描述
            </summary>
            <param name="TargetActorID">目标角色 ID</param>
            <returns>事件描述</returns>
        </member>
        <member name="T:YanLib.EventSystem.EventChoice">
            <summary>
            事件的选项
            </summary>
        </member>
        <member name="F:YanLib.EventSystem.EventChoice.Desc">
            <summary>
            Desc 原文本
            </summary>
        </member>
        <member name="F:YanLib.EventSystem.EventChoice.DynamicDesc">
            <summary>
            动态修改显示
            </summary>
        </member>
        <member name="F:YanLib.EventSystem.EventChoice.Tip">
            <summary>
            选项显示的 Tip
            </summary>
        </member>
        <member name="F:YanLib.EventSystem.EventChoice.DynamicTip">
            <summary>
            动态修改显示 Tip
            </summary>
        </member>
        <member name="F:YanLib.EventSystem.EventChoice.Effect">
            <summary>
            选择效果
            </summary>
        </member>
        <member name="F:YanLib.EventSystem.EventChoice.ShowRequirement">
            <summary>
            显示的需求
            </summary>
        </member>
        <member name="F:YanLib.EventSystem.EventChoice.CanChooseRequirement">
            <summary>
            可以点击的需求
            </summary>
        </member>
        <member name="F:YanLib.EventSystem.EventChoice.ProfileStyle">
            <summary>
            选项头像风格 -99 为无，-1为太吾，0为对方
            </summary>
        </member>
        <member name="M:YanLib.EventSystem.EventChoice.Choose(System.String,System.Int32)">
            <summary>
            选中该选项
            </summary>
        </member>
        <member name="M:YanLib.EventSystem.EventChoice.GetDesc(System.String,System.Int32)">
            <summary>
            获取解析后的文本
            </summary>
            <returns>描述</returns>
        </member>
        <member name="M:YanLib.EventSystem.EventChoice.GetTip(System.String,System.Int32)">
            <summary>
            获取到解析后的 Tip
            </summary>
            <param name="EventID"></param>
            <param name="TargetActorID"></param>
            <returns></returns>
        </member>
        <member name="M:YanLib.EventSystem.EventChoice.DrawChoice(System.Int32,System.String)">
            <summary>
            在选项区绘制按钮，请于 SetMessageWindow 中使用（SetMassageWindow）
            </summary>
            <param name="TargetActorID"></param>
            <param name="ChoiceID"></param>
        </member>
        <member name="T:YanLib.EventSystem.InputFieldInfo">
            <summary>
            输入框
            </summary>
        </member>
        <member name="F:YanLib.EventSystem.InputFieldInfo.UseInputField">
            <summary>
            使用输入框
            </summary>
        </member>
        <member name="F:YanLib.EventSystem.InputFieldInfo.MaxValue">
            <summary>
            最大值
            </summary>
        </member>
        <member name="F:YanLib.EventSystem.InputFieldInfo.MinValue">
            <summary>
            最小值
            </summary>
        </member>
        <member name="F:YanLib.EventSystem.InputFieldInfo.InputType">
            <summary>
            Input Type
            </summary>
        </member>
        <member name="F:YanLib.EventSystem.InputFieldInfo.CharacterValidation">
            <summary>
            合法字符
            </summary>
        </member>
        <member name="F:YanLib.EventSystem.InputFieldInfo.ContentType">
            <summary>
            内容类型
            </summary>
        </member>
        <member name="F:YanLib.EventSystem.InputFieldInfo.ChoiceIndex">
            <summary>
            第几个按钮是输入的
            </summary>
        </member>
        <member name="T:YanLib.EventSystem.YanPointerEnter">
            <summary>
            毫无疑问，是我自用的 PE
            </summary>
        </member>
        <member name="F:YanLib.EventSystem.YanPointerEnter.TipTitle">
            <summary>
            Tip 标题
            </summary>
        </member>
        <member name="F:YanLib.EventSystem.YanPointerEnter.TipContent">
            <summary>
            Tip 内容
            </summary>
        </member>
        <member name="T:YanLib.UI.EventUI.HotkeyMonitor">
            <summary>
            选项快捷键用的
            </summary>
        </member>
        <member name="F:YanLib.UI.EventUI.HotkeyMonitor.choiceButton">
            <summary>
            选项的 Button 组件
            </summary>
        </member>
        <member name="F:YanLib.UI.EventUI.HotkeyMonitor.choiceIndex">
            <summary>
            选项的按钮值
            </summary>
        </member>
        <member name="T:YanLib.UI.SettingUI">
            <summary>
            设置界面的 UI
            </summary>
        </member>
        <member name="M:YanLib.UI.SettingUI.PrepareGUI">
            <summary>
            初始化UI
            </summary>
        </member>
        <member name="T:YanLib.YanException.InvalidEventIDException">
            <summary>
            事件ID错误
            </summary>
        </member>
        <member name="M:YanLib.YanException.InvalidEventIDException.#ctor">
            <summary>
            
            </summary>
        </member>
        <member name="M:YanLib.YanException.InvalidEventIDException.#ctor(System.String)">
            <summary>
            
            </summary>
            <param name="message"></param>
        </member>
        <member name="M:YanLib.YanException.InvalidEventIDException.#ctor(System.String,System.Exception)">
            <summary>
            
            </summary>
            <param name="message"></param>
            <param name="innerException"></param>
        </member>
        <member name="M:YanLib.YanException.InvalidEventIDException.#ctor(System.Runtime.Serialization.SerializationInfo,System.Runtime.Serialization.StreamingContext)">
            <summary>
            
            </summary>
            <param name="info"></param>
            <param name="context"></param>
        </member>
        <member name="T:YanLib.ModHelper.ModHelper">
            <summary>
            用来方便 Mod 工作的
            </summary>
        </member>
        <member name="P:YanLib.ModHelper.ModHelper.GUID">
            <summary>
            Mod 的 GUID
            </summary>
        </member>
        <member name="P:YanLib.ModHelper.ModHelper.Name">
            <summary>
            Mod 的名字
            </summary>
        </member>
        <member name="F:YanLib.ModHelper.ModHelper.SaveData">
            <summary>
            游戏存档时调用
            </summary>
        </member>
        <member name="F:YanLib.ModHelper.ModHelper.NewData">
            <summary>
            新建游戏时调用
            </summary>
        </member>
        <member name="F:YanLib.ModHelper.ModHelper.LoadData">
            <summary>
            加载存档时调用
            </summary>
        </member>
        <member name="F:YanLib.ModHelper.ModHelper.ChangeTrun">
            <summary>
            过月时候调用，不建议用这个（
            否则过月速度会被拖慢（
            </summary>
        </member>
        <member name="F:YanLib.ModHelper.ModHelper.DataFile_Awake">
            <summary>
            DataFile Awake 运行的时候调用，对于 UI 添加 MonoBehaviour 的要放在这
            </summary>
        </member>
        <member name="P:YanLib.ModHelper.ModHelper.SettingUI">
            <summary>
            Mod 的设置
            </summary>
        </member>
        <member name="M:YanLib.ModHelper.ModHelper.#ctor(System.String,System.String)">
            <summary>
            新建 ModHelper 实例
            </summary>
            <param name="_GUID">Mod 的 GUID</param>
            <param name="ModName">Mod 显示的名字</param>
        </member>
        <member name="M:YanLib.ModHelper.ModHelper.GetActorDataKey(System.Int32)">
            <summary>
            返回一个专属 ActorData 的 Key 用以储存信息
            </summary>
            <param name="Key">Mod 内部使用的 Key 值，例如 1 2 3</param>
            <returns></returns>
        </member>
    </members>
</doc>
